ID,Age
FARA06296,20.538619
FARA07596,19.70745
FARA08596,20.333561
FARA09796,15.584416
FARA134024,12.44566
FARA144000,17.36432
FARA147000,17.159262
FARA150000,17.771702
FARA151000,17.853725
FARB05996,15.945318
